"","comments_test_labels","comments_test_pred"
"1","3_technical","3_technical"
"2","4_logic","4_logic"
"3","4_logic","4_logic"
"4","4_logic","4_logic"
"5","3_technical","3_technical"
"6","2_writing","2_writing"
"7","3_technical","3_technical"
"8","4_logic","4_logic"
"9","2_writing","2_writing"
"10","3_technical","3_technical"
"11","4_logic","2_writing"
"12","3_technical","3_technical"
"13","3_technical","3_technical"
"14","3_technical","3_technical"
"15","2_writing","3_technical"
"16","3_technical","3_technical"
"17","2_writing","2_writing"
"18","3_technical","3_technical"
"19","2_writing","2_writing"
"20","2_writing","3_technical"
"21","2_writing","2_writing"
"22","4_logic","3_technical"
"23","3_technical","3_technical"
"24","3_technical","3_technical"
"25","3_technical","3_technical"
"26","3_technical","3_technical"
"27","3_technical","3_technical"
"28","3_technical","4_logic"
"29","3_technical","3_technical"
"30","3_technical","3_technical"
"31","3_technical","3_technical"
"32","4_logic","2_writing"
"33","4_logic","3_technical"
"34","1_basic","3_technical"
"35","3_technical","3_technical"
"36","4_logic","2_writing"
"37","3_technical","3_technical"
"38","2_writing","3_technical"
"39","3_technical","3_technical"
"40","3_technical","3_technical"
"41","3_technical","3_technical"
"42","3_technical","3_technical"
"43","1_basic","1_basic"
"44","3_technical","3_technical"
"45","3_technical","3_technical"
"46","2_writing","2_writing"
"47","3_technical","3_technical"
"48","3_technical","3_technical"
"49","2_writing","2_writing"
"50","3_technical","3_technical"
"51","3_technical","2_writing"
"52","2_writing","2_writing"
"53","3_technical","2_writing"
"54","3_technical","3_technical"
"55","3_technical","3_technical"
"56","3_technical","3_technical"
"57","2_writing","2_writing"
"58","2_writing","2_writing"
"59","2_writing","2_writing"
"60","4_logic","2_writing"
"61","3_technical","4_logic"
"62","3_technical","3_technical"
"63","3_technical","3_technical"
"64","3_technical","3_technical"
"65","3_technical","3_technical"
"66","3_technical","3_technical"
"67","4_logic","4_logic"
"68","3_technical","3_technical"
"69","3_technical","3_technical"
"70","2_writing","2_writing"
"71","2_writing","2_writing"
"72","3_technical","2_writing"
"73","3_technical","3_technical"
"74","4_logic","4_logic"
"75","3_technical","2_writing"
"76","3_technical","3_technical"
"77","2_writing","2_writing"
"78","3_technical","3_technical"
"79","3_technical","3_technical"
"80","2_writing","2_writing"
"81","3_technical","3_technical"
"82","2_writing","2_writing"
"83","2_writing","2_writing"
"84","3_technical","3_technical"
"85","2_writing","4_logic"
"86","2_writing","2_writing"
"87","4_logic","4_logic"
"88","2_writing","4_logic"
"89","3_technical","3_technical"
"90","3_technical","3_technical"
"91","3_technical","3_technical"
"92","1_basic","1_basic"
"93","3_technical","2_writing"
"94","2_writing","2_writing"
"95","3_technical","3_technical"
"96","3_technical","3_technical"
"97","3_technical","3_technical"
"98","2_writing","2_writing"
"99","2_writing","2_writing"
"100","3_technical","3_technical"
"101","4_logic","4_logic"
"102","2_writing","2_writing"
"103","3_technical","3_technical"
"104","3_technical","3_technical"
"105","3_technical","3_technical"
"106","3_technical","3_technical"
"107","2_writing","2_writing"
"108","3_technical","3_technical"
"109","3_technical","3_technical"
"110","2_writing","2_writing"
"111","2_writing","2_writing"
"112","3_technical","3_technical"
"113","2_writing","3_technical"
"114","2_writing","2_writing"
"115","2_writing","3_technical"
"116","3_technical","3_technical"
"117","3_technical","3_technical"
"118","2_writing","2_writing"
"119","3_technical","3_technical"
"120","3_technical","3_technical"
"121","3_technical","3_technical"
"122","3_technical","3_technical"
"123","3_technical","3_technical"
"124","2_writing","2_writing"
"125","3_technical","3_technical"
"126","3_technical","4_logic"
"127","3_technical","3_technical"
"128","4_logic","2_writing"
"129","2_writing","2_writing"
"130","4_logic","4_logic"
"131","3_technical","3_technical"
"132","3_technical","3_technical"
"133","3_technical","3_technical"
"134","3_technical","3_technical"
"135","3_technical","3_technical"
"136","3_technical","3_technical"
"137","3_technical","3_technical"
"138","4_logic","4_logic"
"139","3_technical","3_technical"
"140","3_technical","3_technical"
"141","3_technical","3_technical"
"142","3_technical","3_technical"
"143","3_technical","1_basic"
"144","3_technical","3_technical"
"145","3_technical","3_technical"
"146","3_technical","3_technical"
"147","3_technical","3_technical"
"148","3_technical","3_technical"
"149","3_technical","3_technical"
"150","3_technical","3_technical"
"151","4_logic","4_logic"
"152","2_writing","2_writing"
"153","2_writing","2_writing"
"154","4_logic","2_writing"
"155","4_logic","2_writing"
"156","3_technical","3_technical"
"157","4_logic","2_writing"
"158","3_technical","4_logic"
"159","3_technical","3_technical"
"160","2_writing","2_writing"
"161","4_logic","4_logic"
"162","3_technical","3_technical"
"163","3_technical","4_logic"
"164","3_technical","3_technical"
"165","3_technical","2_writing"
"166","2_writing","2_writing"
"167","3_technical","3_technical"
"168","2_writing","2_writing"
"169","3_technical","3_technical"
"170","3_technical","3_technical"
"171","3_technical","3_technical"
"172","3_technical","3_technical"
"173","3_technical","4_logic"
"174","3_technical","3_technical"
"175","4_logic","4_logic"
"176","3_technical","3_technical"
"177","4_logic","4_logic"
"178","3_technical","3_technical"
"179","4_logic","4_logic"
"180","4_logic","4_logic"
"181","3_technical","3_technical"
"182","3_technical","3_technical"
"183","3_technical","3_technical"
"184","3_technical","3_technical"
"185","2_writing","3_technical"
"186","3_technical","3_technical"
"187","2_writing","3_technical"
"188","4_logic","4_logic"
"189","3_technical","3_technical"
"190","2_writing","2_writing"
"191","3_technical","3_technical"
"192","3_technical","1_basic"
"193","2_writing","2_writing"
"194","3_technical","3_technical"
"195","2_writing","2_writing"
"196","3_technical","3_technical"
"197","3_technical","1_basic"
"198","3_technical","3_technical"
"199","3_technical","2_writing"
"200","3_technical","3_technical"
"201","2_writing","2_writing"
"202","3_technical","3_technical"
"203","2_writing","2_writing"
"204","1_basic","1_basic"
"205","3_technical","3_technical"
"206","2_writing","2_writing"
"207","3_technical","3_technical"
"208","3_technical","3_technical"
"209","2_writing","3_technical"
"210","3_technical","3_technical"
"211","2_writing","2_writing"
"212","3_technical","3_technical"
"213","2_writing","2_writing"
"214","2_writing","4_logic"
"215","2_writing","2_writing"
"216","3_technical","3_technical"
"217","3_technical","3_technical"
"218","3_technical","4_logic"
"219","4_logic","4_logic"
"220","2_writing","4_logic"
"221","2_writing","3_technical"
"222","3_technical","3_technical"
"223","3_technical","3_technical"
"224","3_technical","3_technical"
"225","2_writing","4_logic"
"226","4_logic","4_logic"
"227","2_writing","3_technical"
"228","4_logic","4_logic"
"229","4_logic","4_logic"
"230","2_writing","2_writing"
"231","3_technical","2_writing"
"232","3_technical","3_technical"
"233","3_technical","3_technical"
"234","4_logic","4_logic"
"235","2_writing","4_logic"
"236","3_technical","3_technical"
"237","2_writing","3_technical"
"238","3_technical","3_technical"
"239","3_technical","3_technical"
"240","4_logic","4_logic"
"241","3_technical","2_writing"
"242","2_writing","2_writing"
"243","3_technical","3_technical"
"244","3_technical","3_technical"
"245","3_technical","2_writing"
"246","3_technical","3_technical"
"247","3_technical","3_technical"
"248","3_technical","3_technical"
"249","2_writing","2_writing"
"250","3_technical","3_technical"
"251","3_technical","3_technical"
"252","3_technical","3_technical"
"253","4_logic","4_logic"
"254","3_technical","3_technical"
"255","4_logic","4_logic"
"256","2_writing","2_writing"
"257","4_logic","4_logic"
"258","2_writing","4_logic"
"259","3_technical","3_technical"
"260","2_writing","2_writing"
"261","3_technical","3_technical"
"262","2_writing","2_writing"
"263","4_logic","4_logic"
"264","1_basic","1_basic"
"265","3_technical","3_technical"
"266","4_logic","4_logic"
"267","4_logic","4_logic"
"268","2_writing","2_writing"
"269","3_technical","3_technical"
"270","3_technical","2_writing"
"271","3_technical","3_technical"
"272","3_technical","2_writing"
"273","3_technical","3_technical"
"274","2_writing","2_writing"
"275","3_technical","3_technical"
"276","3_technical","3_technical"
"277","3_technical","2_writing"
"278","3_technical","3_technical"
"279","3_technical","2_writing"
"280","3_technical","2_writing"
"281","2_writing","2_writing"
"282","3_technical","3_technical"
"283","3_technical","3_technical"
"284","3_technical","3_technical"
"285","2_writing","2_writing"
"286","3_technical","3_technical"
"287","3_technical","3_technical"
"288","2_writing","4_logic"
"289","2_writing","3_technical"
"290","3_technical","3_technical"
"291","3_technical","3_technical"
"292","3_technical","3_technical"
"293","3_technical","3_technical"
"294","3_technical","3_technical"
"295","2_writing","2_writing"
"296","2_writing","2_writing"
"297","3_technical","3_technical"
"298","4_logic","2_writing"
"299","3_technical","3_technical"
"300","3_technical","3_technical"
"301","3_technical","3_technical"
"302","2_writing","2_writing"
"303","3_technical","3_technical"
"304","3_technical","3_technical"
"305","4_logic","4_logic"
"306","2_writing","4_logic"
"307","3_technical","3_technical"
"308","4_logic","4_logic"
"309","4_logic","4_logic"
"310","3_technical","3_technical"
"311","3_technical","2_writing"
"312","2_writing","2_writing"
"313","3_technical","3_technical"
"314","3_technical","3_technical"
"315","3_technical","3_technical"
"316","3_technical","3_technical"
"317","3_technical","3_technical"
"318","4_logic","4_logic"
"319","2_writing","3_technical"
"320","3_technical","3_technical"
"321","3_technical","2_writing"
"322","3_technical","3_technical"
"323","3_technical","3_technical"
"324","3_technical","3_technical"
"325","4_logic","2_writing"
"326","2_writing","4_logic"
"327","3_technical","2_writing"
"328","3_technical","4_logic"
"329","3_technical","4_logic"
"330","3_technical","3_technical"
"331","2_writing","2_writing"
"332","3_technical","3_technical"
"333","2_writing","2_writing"
"334","3_technical","3_technical"
"335","4_logic","4_logic"
"336","3_technical","3_technical"
"337","3_technical","3_technical"
"338","3_technical","3_technical"
"339","3_technical","3_technical"
"340","2_writing","1_basic"
"341","3_technical","3_technical"
"342","3_technical","3_technical"
"343","3_technical","3_technical"
"344","2_writing","4_logic"
"345","3_technical","3_technical"
"346","1_basic","1_basic"
"347","3_technical","3_technical"
"348","2_writing","2_writing"
"349","3_technical","3_technical"
"350","3_technical","3_technical"
"351","3_technical","1_basic"
"352","3_technical","3_technical"
"353","4_logic","4_logic"
"354","2_writing","2_writing"
"355","2_writing","3_technical"
"356","3_technical","3_technical"
"357","2_writing","2_writing"
"358","2_writing","2_writing"
"359","4_logic","4_logic"
"360","3_technical","3_technical"
"361","3_technical","3_technical"
"362","2_writing","3_technical"
"363","2_writing","2_writing"
"364","2_writing","2_writing"
"365","3_technical","3_technical"
"366","3_technical","2_writing"
"367","3_technical","3_technical"
"368","3_technical","3_technical"
"369","4_logic","4_logic"
"370","4_logic","4_logic"
"371","4_logic","3_technical"
"372","3_technical","2_writing"
"373","3_technical","1_basic"
"374","3_technical","3_technical"
"375","3_technical","3_technical"
"376","2_writing","2_writing"
"377","3_technical","3_technical"
"378","4_logic","4_logic"
"379","3_technical","2_writing"
"380","1_basic","1_basic"
"381","3_technical","3_technical"
"382","3_technical","4_logic"
"383","3_technical","2_writing"
"384","3_technical","3_technical"
"385","3_technical","3_technical"
"386","4_logic","4_logic"
"387","3_technical","3_technical"
"388","2_writing","2_writing"
"389","2_writing","2_writing"
"390","2_writing","2_writing"
"391","3_technical","3_technical"
"392","4_logic","4_logic"
"393","3_technical","3_technical"
"394","3_technical","3_technical"
"395","3_technical","3_technical"
"396","3_technical","3_technical"
"397","3_technical","3_technical"
"398","3_technical","3_technical"
"399","3_technical","3_technical"
"400","4_logic","2_writing"
"401","2_writing","2_writing"
"402","3_technical","3_technical"
"403","2_writing","3_technical"
"404","3_technical","2_writing"
"405","3_technical","3_technical"
"406","3_technical","3_technical"
"407","3_technical","3_technical"
"408","1_basic","1_basic"
"409","3_technical","3_technical"
"410","3_technical","2_writing"
"411","3_technical","3_technical"
"412","3_technical","2_writing"
"413","3_technical","3_technical"
"414","3_technical","3_technical"
"415","2_writing","2_writing"
"416","2_writing","2_writing"
"417","4_logic","4_logic"
"418","3_technical","4_logic"
"419","2_writing","4_logic"
"420","3_technical","3_technical"
"421","3_technical","3_technical"
"422","4_logic","4_logic"
"423","2_writing","2_writing"
"424","3_technical","3_technical"
"425","3_technical","3_technical"
"426","2_writing","4_logic"
"427","3_technical","2_writing"
"428","3_technical","3_technical"
"429","3_technical","3_technical"
"430","2_writing","4_logic"
"431","3_technical","3_technical"
"432","3_technical","3_technical"
"433","3_technical","3_technical"
"434","3_technical","3_technical"
"435","3_technical","3_technical"
"436","3_technical","2_writing"
"437","3_technical","1_basic"
"438","3_technical","3_technical"
"439","4_logic","3_technical"
"440","3_technical","3_technical"
"441","2_writing","2_writing"
"442","3_technical","3_technical"
"443","3_technical","3_technical"
"444","2_writing","2_writing"
"445","3_technical","3_technical"
"446","3_technical","2_writing"
"447","3_technical","3_technical"
"448","3_technical","3_technical"
"449","3_technical","3_technical"
"450","3_technical","2_writing"
"451","3_technical","2_writing"
"452","3_technical","3_technical"
"453","3_technical","3_technical"
"454","3_technical","3_technical"
"455","2_writing","2_writing"
"456","2_writing","2_writing"
"457","2_writing","2_writing"
"458","2_writing","3_technical"
"459","3_technical","3_technical"
"460","3_technical","3_technical"
"461","3_technical","3_technical"
"462","3_technical","3_technical"
"463","2_writing","3_technical"
"464","2_writing","2_writing"
"465","3_technical","3_technical"
"466","4_logic","4_logic"
"467","2_writing","2_writing"
"468","3_technical","3_technical"
"469","4_logic","4_logic"
"470","3_technical","3_technical"
"471","3_technical","3_technical"
"472","3_technical","3_technical"
"473","3_technical","3_technical"
"474","3_technical","3_technical"
"475","4_logic","4_logic"
"476","4_logic","4_logic"
"477","3_technical","3_technical"
"478","1_basic","1_basic"
"479","3_technical","3_technical"
"480","2_writing","2_writing"
"481","1_basic","1_basic"
"482","3_technical","3_technical"
"483","3_technical","3_technical"
"484","3_technical","3_technical"
"485","4_logic","2_writing"
"486","4_logic","3_technical"
"487","3_technical","3_technical"
"488","3_technical","4_logic"
"489","3_technical","3_technical"
"490","3_technical","3_technical"
"491","3_technical","2_writing"
"492","3_technical","2_writing"
"493","2_writing","4_logic"
"494","3_technical","3_technical"
"495","3_technical","2_writing"
"496","3_technical","3_technical"
"497","1_basic","3_technical"
"498","2_writing","2_writing"
"499","3_technical","3_technical"
"500","4_logic","4_logic"
"501","3_technical","3_technical"
"502","3_technical","2_writing"
"503","2_writing","2_writing"
"504","2_writing","2_writing"
"505","3_technical","2_writing"
"506","3_technical","3_technical"
"507","3_technical","3_technical"
"508","3_technical","3_technical"
"509","3_technical","3_technical"
"510","3_technical","3_technical"
"511","3_technical","3_technical"
"512","3_technical","2_writing"
"513","3_technical","3_technical"
"514","3_technical","3_technical"
"515","2_writing","2_writing"
"516","2_writing","2_writing"
"517","4_logic","3_technical"
"518","2_writing","2_writing"
"519","3_technical","3_technical"
"520","2_writing","2_writing"
"521","3_technical","3_technical"
"522","3_technical","4_logic"
"523","2_writing","2_writing"
"524","3_technical","3_technical"
"525","3_technical","4_logic"
"526","2_writing","2_writing"
"527","3_technical","3_technical"
"528","4_logic","3_technical"
"529","2_writing","3_technical"
"530","3_technical","3_technical"
"531","4_logic","4_logic"
"532","3_technical","3_technical"
"533","4_logic","4_logic"
"534","3_technical","3_technical"
"535","3_technical","3_technical"
"536","4_logic","4_logic"
"537","2_writing","2_writing"
"538","3_technical","3_technical"
"539","3_technical","3_technical"
"540","2_writing","2_writing"
"541","3_technical","3_technical"
"542","3_technical","3_technical"
"543","3_technical","3_technical"
"544","4_logic","2_writing"
"545","4_logic","4_logic"
"546","3_technical","3_technical"
"547","3_technical","3_technical"
"548","3_technical","3_technical"
"549","3_technical","3_technical"
"550","3_technical","3_technical"
"551","3_technical","3_technical"
"552","2_writing","2_writing"
"553","3_technical","3_technical"
"554","3_technical","3_technical"
"555","2_writing","2_writing"
"556","1_basic","1_basic"
"557","3_technical","3_technical"
"558","4_logic","4_logic"
"559","1_basic","1_basic"
"560","2_writing","4_logic"
"561","2_writing","2_writing"
"562","1_basic","1_basic"
"563","3_technical","3_technical"
"564","3_technical","3_technical"
"565","3_technical","3_technical"
"566","3_technical","3_technical"
"567","3_technical","3_technical"
"568","3_technical","3_technical"
"569","3_technical","2_writing"
"570","2_writing","2_writing"
"571","3_technical","3_technical"
"572","2_writing","2_writing"
"573","3_technical","3_technical"
"574","3_technical","3_technical"
"575","2_writing","2_writing"
"576","3_technical","3_technical"
"577","4_logic","4_logic"
"578","3_technical","3_technical"
"579","3_technical","3_technical"
"580","2_writing","2_writing"
"581","3_technical","2_writing"
"582","3_technical","2_writing"
"583","3_technical","3_technical"
"584","3_technical","3_technical"
"585","3_technical","3_technical"
"586","2_writing","2_writing"
"587","3_technical","3_technical"
"588","2_writing","2_writing"
"589","3_technical","3_technical"
"590","2_writing","2_writing"
"591","2_writing","2_writing"
"592","3_technical","2_writing"
"593","3_technical","3_technical"
"594","3_technical","3_technical"
"595","3_technical","3_technical"
"596","3_technical","3_technical"
"597","2_writing","2_writing"
"598","2_writing","3_technical"
"599","3_technical","2_writing"
"600","3_technical","4_logic"
"601","1_basic","1_basic"
"602","2_writing","2_writing"
"603","3_technical","1_basic"
"604","3_technical","3_technical"
"605","3_technical","3_technical"
"606","3_technical","3_technical"
"607","3_technical","3_technical"
"608","4_logic","4_logic"
"609","3_technical","3_technical"
"610","3_technical","3_technical"
"611","3_technical","3_technical"
"612","3_technical","3_technical"
"613","3_technical","3_technical"
"614","3_technical","3_technical"
"615","3_technical","3_technical"
"616","3_technical","3_technical"
"617","3_technical","4_logic"
"618","1_basic","1_basic"
"619","2_writing","2_writing"
"620","2_writing","2_writing"
"621","3_technical","3_technical"
"622","3_technical","3_technical"
"623","4_logic","4_logic"
"624","3_technical","3_technical"
"625","3_technical","3_technical"
"626","3_technical","3_technical"
"627","4_logic","4_logic"
"628","3_technical","2_writing"
"629","3_technical","4_logic"
"630","3_technical","4_logic"
"631","3_technical","3_technical"
"632","3_technical","3_technical"
"633","3_technical","3_technical"
"634","3_technical","2_writing"
"635","3_technical","2_writing"
"636","2_writing","2_writing"
"637","3_technical","3_technical"
"638","3_technical","3_technical"
"639","3_technical","3_technical"
"640","1_basic","1_basic"
"641","3_technical","3_technical"
"642","2_writing","2_writing"
"643","4_logic","4_logic"
"644","3_technical","3_technical"
"645","2_writing","2_writing"
"646","3_technical","3_technical"
"647","3_technical","2_writing"
"648","3_technical","2_writing"
"649","2_writing","2_writing"
"650","2_writing","2_writing"
"651","3_technical","3_technical"
"652","3_technical","3_technical"
"653","3_technical","3_technical"
"654","2_writing","3_technical"
"655","3_technical","3_technical"
"656","4_logic","4_logic"
"657","2_writing","4_logic"
"658","3_technical","3_technical"
"659","3_technical","3_technical"
"660","4_logic","4_logic"
"661","3_technical","3_technical"
"662","3_technical","2_writing"
"663","4_logic","4_logic"
"664","1_basic","1_basic"
"665","3_technical","3_technical"
"666","2_writing","2_writing"
"667","2_writing","2_writing"
"668","3_technical","3_technical"
"669","3_technical","3_technical"
"670","3_technical","3_technical"
"671","3_technical","3_technical"
"672","2_writing","2_writing"
"673","3_technical","3_technical"
"674","4_logic","4_logic"
"675","3_technical","4_logic"
"676","3_technical","3_technical"
"677","3_technical","3_technical"
"678","3_technical","3_technical"
"679","4_logic","4_logic"
"680","3_technical","2_writing"
"681","3_technical","3_technical"
"682","3_technical","4_logic"
"683","4_logic","4_logic"
"684","4_logic","4_logic"
"685","3_technical","3_technical"
"686","2_writing","2_writing"
"687","4_logic","4_logic"
"688","3_technical","3_technical"
"689","4_logic","4_logic"
"690","4_logic","4_logic"
"691","2_writing","2_writing"
"692","3_technical","3_technical"
"693","3_technical","3_technical"
"694","2_writing","4_logic"
"695","3_technical","3_technical"
"696","3_technical","3_technical"
"697","2_writing","2_writing"
"698","2_writing","1_basic"
"699","3_technical","3_technical"
"700","4_logic","4_logic"
"701","3_technical","3_technical"
"702","3_technical","3_technical"
"703","3_technical","1_basic"
"704","3_technical","3_technical"
"705","3_technical","2_writing"
"706","3_technical","3_technical"
"707","2_writing","2_writing"
"708","3_technical","3_technical"
"709","2_writing","2_writing"
"710","3_technical","3_technical"
"711","2_writing","2_writing"
"712","3_technical","3_technical"
"713","3_technical","3_technical"
"714","2_writing","2_writing"
"715","3_technical","3_technical"
"716","3_technical","3_technical"
"717","3_technical","2_writing"
"718","3_technical","3_technical"
"719","2_writing","3_technical"
"720","2_writing","2_writing"
"721","3_technical","2_writing"
"722","3_technical","3_technical"
"723","3_technical","3_technical"
"724","3_technical","4_logic"
"725","4_logic","3_technical"
"726","2_writing","2_writing"
"727","2_writing","2_writing"
"728","3_technical","3_technical"
"729","4_logic","2_writing"
"730","3_technical","4_logic"
"731","3_technical","3_technical"
"732","2_writing","2_writing"
"733","3_technical","3_technical"
"734","2_writing","3_technical"
"735","3_technical","3_technical"
"736","3_technical","3_technical"
"737","3_technical","3_technical"
"738","3_technical","3_technical"
"739","4_logic","2_writing"
"740","3_technical","3_technical"
"741","3_technical","1_basic"
"742","3_technical","3_technical"
"743","3_technical","3_technical"
"744","2_writing","2_writing"
"745","3_technical","3_technical"
"746","2_writing","3_technical"
"747","3_technical","3_technical"
"748","3_technical","3_technical"
"749","1_basic","1_basic"
"750","3_technical","3_technical"
"751","3_technical","3_technical"
"752","2_writing","2_writing"
"753","3_technical","3_technical"
"754","4_logic","4_logic"
"755","3_technical","3_technical"
"756","2_writing","2_writing"
"757","3_technical","2_writing"
"758","4_logic","2_writing"
"759","3_technical","3_technical"
"760","3_technical","3_technical"
"761","3_technical","3_technical"
"762","3_technical","3_technical"
"763","3_technical","3_technical"
"764","2_writing","3_technical"
"765","3_technical","3_technical"
"766","3_technical","3_technical"
"767","2_writing","2_writing"
"768","3_technical","3_technical"
"769","4_logic","4_logic"
"770","3_technical","2_writing"
"771","2_writing","4_logic"
"772","4_logic","4_logic"
"773","2_writing","2_writing"
"774","2_writing","4_logic"
"775","3_technical","3_technical"
"776","3_technical","3_technical"
"777","3_technical","2_writing"
"778","2_writing","2_writing"
"779","2_writing","2_writing"
"780","2_writing","4_logic"
"781","3_technical","3_technical"
"782","4_logic","3_technical"
"783","1_basic","1_basic"
"784","3_technical","3_technical"
"785","3_technical","3_technical"
"786","3_technical","3_technical"
"787","2_writing","3_technical"
"788","2_writing","2_writing"
"789","3_technical","3_technical"
"790","2_writing","3_technical"
"791","4_logic","4_logic"
"792","3_technical","3_technical"
"793","3_technical","4_logic"
"794","2_writing","2_writing"
"795","4_logic","4_logic"
"796","3_technical","2_writing"
"797","2_writing","2_writing"
"798","3_technical","3_technical"
"799","2_writing","2_writing"
"800","2_writing","2_writing"
"801","2_writing","2_writing"
"802","2_writing","4_logic"
"803","4_logic","4_logic"
"804","3_technical","3_technical"
"805","3_technical","3_technical"
"806","2_writing","2_writing"
"807","3_technical","3_technical"
"808","3_technical","3_technical"
"809","3_technical","3_technical"
"810","4_logic","2_writing"
"811","3_technical","3_technical"
"812","3_technical","3_technical"
"813","4_logic","4_logic"
"814","3_technical","3_technical"
"815","3_technical","3_technical"
"816","3_technical","3_technical"
"817","3_technical","3_technical"
"818","3_technical","3_technical"
"819","1_basic","1_basic"
"820","2_writing","2_writing"
"821","3_technical","3_technical"
"822","3_technical","3_technical"
"823","3_technical","3_technical"
"824","2_writing","2_writing"
"825","3_technical","3_technical"
"826","3_technical","3_technical"
"827","3_technical","3_technical"
"828","1_basic","1_basic"
"829","3_technical","3_technical"
"830","3_technical","4_logic"
"831","3_technical","3_technical"
"832","3_technical","3_technical"
"833","3_technical","3_technical"
"834","4_logic","4_logic"
"835","2_writing","2_writing"
"836","2_writing","2_writing"
"837","3_technical","3_technical"
"838","3_technical","3_technical"
"839","4_logic","4_logic"
"840","3_technical","3_technical"
"841","3_technical","3_technical"
"842","2_writing","2_writing"
"843","3_technical","3_technical"
"844","2_writing","2_writing"
"845","3_technical","2_writing"
"846","2_writing","2_writing"
"847","3_technical","3_technical"
"848","3_technical","1_basic"
"849","3_technical","3_technical"
"850","2_writing","1_basic"
"851","3_technical","3_technical"
"852","3_technical","3_technical"
"853","1_basic","1_basic"
"854","2_writing","2_writing"
"855","3_technical","3_technical"
"856","4_logic","2_writing"
"857","3_technical","3_technical"
"858","3_technical","3_technical"
"859","3_technical","3_technical"
"860","3_technical","2_writing"
"861","2_writing","3_technical"
"862","2_writing","2_writing"
"863","3_technical","3_technical"
"864","3_technical","1_basic"
"865","2_writing","2_writing"
"866","2_writing","2_writing"
"867","2_writing","2_writing"
"868","3_technical","3_technical"
"869","3_technical","3_technical"
"870","2_writing","4_logic"
"871","1_basic","3_technical"
"872","3_technical","3_technical"
"873","3_technical","4_logic"
"874","3_technical","3_technical"
"875","3_technical","3_technical"
"876","3_technical","3_technical"
"877","3_technical","3_technical"
"878","2_writing","2_writing"
"879","3_technical","3_technical"
"880","2_writing","2_writing"
"881","3_technical","3_technical"
"882","4_logic","4_logic"
"883","3_technical","3_technical"
"884","3_technical","3_technical"
"885","3_technical","3_technical"
"886","3_technical","3_technical"
"887","3_technical","2_writing"
"888","3_technical","3_technical"
"889","3_technical","4_logic"
"890","3_technical","3_technical"
"891","3_technical","3_technical"
"892","3_technical","3_technical"
"893","1_basic","1_basic"
"894","3_technical","3_technical"
"895","3_technical","3_technical"
"896","2_writing","2_writing"
"897","4_logic","4_logic"
"898","3_technical","3_technical"
"899","3_technical","3_technical"
"900","3_technical","3_technical"
"901","2_writing","2_writing"
"902","2_writing","2_writing"
"903","2_writing","4_logic"
"904","3_technical","3_technical"
"905","3_technical","3_technical"
"906","3_technical","3_technical"
"907","2_writing","2_writing"
"908","3_technical","1_basic"
"909","3_technical","3_technical"
"910","1_basic","3_technical"
"911","3_technical","3_technical"
"912","3_technical","3_technical"
"913","4_logic","4_logic"
"914","2_writing","2_writing"
"915","3_technical","3_technical"
"916","4_logic","3_technical"
"917","3_technical","3_technical"
"918","2_writing","4_logic"
"919","3_technical","3_technical"
"920","3_technical","3_technical"
"921","3_technical","3_technical"
"922","3_technical","4_logic"
"923","3_technical","3_technical"
"924","3_technical","3_technical"
"925","2_writing","2_writing"
"926","3_technical","2_writing"
"927","3_technical","3_technical"
"928","3_technical","3_technical"
"929","3_technical","3_technical"
"930","2_writing","2_writing"
"931","2_writing","2_writing"
"932","2_writing","2_writing"
"933","3_technical","3_technical"
"934","3_technical","3_technical"
"935","3_technical","3_technical"
"936","3_technical","3_technical"
"937","3_technical","3_technical"
"938","3_technical","3_technical"
"939","3_technical","3_technical"
"940","3_technical","3_technical"
"941","3_technical","3_technical"
"942","3_technical","3_technical"
"943","3_technical","3_technical"
"944","3_technical","1_basic"
"945","4_logic","1_basic"
"946","2_writing","2_writing"
"947","3_technical","3_technical"
"948","3_technical","3_technical"
"949","3_technical","3_technical"
"950","3_technical","3_technical"
"951","4_logic","4_logic"
"952","3_technical","3_technical"
"953","3_technical","3_technical"
"954","3_technical","3_technical"
"955","3_technical","3_technical"
"956","3_technical","3_technical"
"957","3_technical","3_technical"
"958","3_technical","3_technical"
"959","3_technical","3_technical"
"960","3_technical","3_technical"
"961","3_technical","3_technical"
"962","3_technical","3_technical"
"963","3_technical","3_technical"
"964","3_technical","3_technical"
"965","3_technical","3_technical"
"966","2_writing","2_writing"
"967","3_technical","4_logic"
"968","3_technical","4_logic"
"969","3_technical","4_logic"
"970","1_basic","1_basic"
"971","3_technical","3_technical"
"972","2_writing","2_writing"
"973","3_technical","3_technical"
"974","3_technical","3_technical"
"975","3_technical","3_technical"
"976","3_technical","3_technical"
"977","3_technical","2_writing"
"978","4_logic","3_technical"
"979","3_technical","3_technical"
"980","2_writing","2_writing"
"981","3_technical","3_technical"
"982","1_basic","2_writing"
"983","4_logic","4_logic"
"984","3_technical","3_technical"
"985","3_technical","3_technical"
"986","4_logic","4_logic"
"987","4_logic","4_logic"
"988","3_technical","3_technical"
"989","3_technical","3_technical"
"990","3_technical","3_technical"
"991","3_technical","3_technical"
"992","3_technical","3_technical"
"993","3_technical","3_technical"
"994","1_basic","2_writing"
"995","3_technical","3_technical"
"996","3_technical","3_technical"
"997","3_technical","3_technical"
"998","1_basic","3_technical"
"999","3_technical","3_technical"
"1000","2_writing","3_technical"
"1001","3_technical","3_technical"
"1002","3_technical","3_technical"
"1003","3_technical","3_technical"
"1004","3_technical","3_technical"
"1005","3_technical","4_logic"
"1006","4_logic","4_logic"
"1007","3_technical","3_technical"
"1008","2_writing","2_writing"
"1009","2_writing","2_writing"
"1010","4_logic","4_logic"
"1011","4_logic","4_logic"
"1012","3_technical","3_technical"
"1013","3_technical","3_technical"
"1014","4_logic","4_logic"
"1015","3_technical","3_technical"
"1016","2_writing","4_logic"
"1017","3_technical","3_technical"
"1018","4_logic","2_writing"
"1019","4_logic","2_writing"
"1020","4_logic","4_logic"
"1021","3_technical","3_technical"
"1022","4_logic","4_logic"
"1023","3_technical","3_technical"
"1024","2_writing","2_writing"
"1025","2_writing","2_writing"
"1026","2_writing","2_writing"
"1027","2_writing","2_writing"
"1028","3_technical","3_technical"
"1029","2_writing","4_logic"
"1030","4_logic","4_logic"
"1031","3_technical","3_technical"
"1032","3_technical","2_writing"
"1033","3_technical","3_technical"
"1034","3_technical","3_technical"
"1035","3_technical","3_technical"
"1036","3_technical","3_technical"
"1037","3_technical","2_writing"
"1038","2_writing","2_writing"
"1039","3_technical","3_technical"
"1040","2_writing","2_writing"
"1041","2_writing","2_writing"
"1042","2_writing","2_writing"
"1043","3_technical","3_technical"
"1044","3_technical","3_technical"
"1045","2_writing","4_logic"
"1046","2_writing","2_writing"
"1047","3_technical","4_logic"
"1048","3_technical","3_technical"
"1049","2_writing","2_writing"
"1050","2_writing","2_writing"
"1051","2_writing","2_writing"
"1052","2_writing","2_writing"
"1053","2_writing","2_writing"
"1054","3_technical","3_technical"
"1055","3_technical","3_technical"
"1056","2_writing","2_writing"
"1057","2_writing","2_writing"
"1058","3_technical","3_technical"
"1059","4_logic","4_logic"
"1060","2_writing","2_writing"
"1061","2_writing","2_writing"
"1062","3_technical","2_writing"
"1063","3_technical","3_technical"
"1064","3_technical","3_technical"
"1065","3_technical","3_technical"
"1066","2_writing","3_technical"
"1067","2_writing","2_writing"
"1068","2_writing","2_writing"
"1069","2_writing","2_writing"
"1070","2_writing","2_writing"
"1071","2_writing","4_logic"
"1072","3_technical","3_technical"
"1073","3_technical","2_writing"
"1074","3_technical","3_technical"
"1075","3_technical","3_technical"
"1076","3_technical","3_technical"
"1077","2_writing","2_writing"
"1078","3_technical","2_writing"
"1079","3_technical","3_technical"
"1080","3_technical","3_technical"
"1081","1_basic","1_basic"
"1082","3_technical","2_writing"
"1083","1_basic","1_basic"
"1084","3_technical","3_technical"
"1085","3_technical","2_writing"
"1086","3_technical","3_technical"
"1087","2_writing","4_logic"
"1088","4_logic","4_logic"
"1089","3_technical","3_technical"
"1090","2_writing","2_writing"
"1091","4_logic","3_technical"
"1092","3_technical","3_technical"
"1093","3_technical","3_technical"
"1094","3_technical","4_logic"
"1095","3_technical","3_technical"
"1096","2_writing","2_writing"
"1097","3_technical","2_writing"
"1098","3_technical","3_technical"
"1099","4_logic","4_logic"
"1100","3_technical","3_technical"
"1101","3_technical","3_technical"
"1102","4_logic","3_technical"
"1103","2_writing","2_writing"
"1104","3_technical","3_technical"
"1105","3_technical","3_technical"
"1106","3_technical","3_technical"
"1107","3_technical","3_technical"
"1108","2_writing","2_writing"
"1109","3_technical","3_technical"
"1110","2_writing","2_writing"
"1111","3_technical","4_logic"
"1112","3_technical","3_technical"
"1113","3_technical","3_technical"
"1114","4_logic","2_writing"
"1115","3_technical","3_technical"
"1116","3_technical","2_writing"
"1117","3_technical","3_technical"
"1118","3_technical","3_technical"
"1119","3_technical","3_technical"
"1120","3_technical","4_logic"
"1121","3_technical","2_writing"
"1122","2_writing","2_writing"
"1123","2_writing","2_writing"
"1124","2_writing","3_technical"
"1125","2_writing","3_technical"
"1126","3_technical","3_technical"
"1127","3_technical","3_technical"
"1128","2_writing","2_writing"
"1129","3_technical","3_technical"
"1130","1_basic","1_basic"
"1131","3_technical","3_technical"
"1132","2_writing","2_writing"
"1133","3_technical","3_technical"
"1134","3_technical","3_technical"
"1135","3_technical","3_technical"
"1136","3_technical","3_technical"
"1137","4_logic","4_logic"
"1138","2_writing","2_writing"
"1139","4_logic","3_technical"
"1140","2_writing","2_writing"
"1141","2_writing","2_writing"
"1142","2_writing","3_technical"
"1143","2_writing","2_writing"
"1144","3_technical","3_technical"
"1145","2_writing","4_logic"
"1146","4_logic","4_logic"
"1147","4_logic","4_logic"
"1148","2_writing","2_writing"
"1149","3_technical","3_technical"
"1150","3_technical","3_technical"
"1151","4_logic","4_logic"
"1152","2_writing","4_logic"
"1153","3_technical","3_technical"
"1154","4_logic","2_writing"
"1155","1_basic","1_basic"
"1156","4_logic","4_logic"
"1157","2_writing","3_technical"
"1158","3_technical","3_technical"
"1159","3_technical","3_technical"
"1160","3_technical","3_technical"
"1161","4_logic","4_logic"
"1162","4_logic","4_logic"
"1163","3_technical","1_basic"
"1164","2_writing","3_technical"
"1165","3_technical","3_technical"
"1166","2_writing","4_logic"
"1167","3_technical","3_technical"
"1168","2_writing","2_writing"
"1169","4_logic","4_logic"
"1170","2_writing","2_writing"
"1171","3_technical","3_technical"
"1172","4_logic","4_logic"
"1173","3_technical","4_logic"
"1174","3_technical","2_writing"
"1175","3_technical","3_technical"
"1176","4_logic","4_logic"
"1177","3_technical","3_technical"
"1178","3_technical","3_technical"
"1179","3_technical","3_technical"
"1180","2_writing","3_technical"
"1181","2_writing","2_writing"
"1182","3_technical","3_technical"
"1183","3_technical","3_technical"
"1184","2_writing","3_technical"
"1185","4_logic","4_logic"
"1186","3_technical","3_technical"
"1187","2_writing","2_writing"
"1188","2_writing","2_writing"
"1189","3_technical","3_technical"
"1190","3_technical","3_technical"
"1191","4_logic","4_logic"
"1192","2_writing","2_writing"
"1193","2_writing","2_writing"
"1194","2_writing","2_writing"
"1195","3_technical","3_technical"
"1196","3_technical","3_technical"
"1197","2_writing","2_writing"
"1198","2_writing","4_logic"
"1199","3_technical","1_basic"
"1200","3_technical","3_technical"
"1201","3_technical","3_technical"
"1202","3_technical","3_technical"
"1203","2_writing","2_writing"
"1204","1_basic","2_writing"
"1205","1_basic","1_basic"
"1206","3_technical","3_technical"
"1207","2_writing","2_writing"
"1208","3_technical","3_technical"
"1209","3_technical","3_technical"
"1210","3_technical","3_technical"
"1211","2_writing","3_technical"
"1212","3_technical","3_technical"
"1213","2_writing","2_writing"
"1214","2_writing","2_writing"
"1215","3_technical","3_technical"
"1216","3_technical","3_technical"
"1217","3_technical","3_technical"
"1218","2_writing","2_writing"
"1219","3_technical","3_technical"
"1220","3_technical","3_technical"
"1221","3_technical","4_logic"
"1222","3_technical","3_technical"
"1223","3_technical","3_technical"
"1224","3_technical","2_writing"
"1225","3_technical","3_technical"
"1226","3_technical","4_logic"
"1227","3_technical","3_technical"
"1228","1_basic","1_basic"
"1229","1_basic","1_basic"
"1230","1_basic","1_basic"
"1231","3_technical","2_writing"
"1232","3_technical","3_technical"
"1233","3_technical","3_technical"
"1234","3_technical","4_logic"
"1235","4_logic","4_logic"
"1236","4_logic","4_logic"
"1237","3_technical","3_technical"
"1238","3_technical","3_technical"
"1239","4_logic","4_logic"
"1240","4_logic","4_logic"
"1241","2_writing","2_writing"
"1242","3_technical","3_technical"
"1243","4_logic","2_writing"
"1244","4_logic","4_logic"
"1245","3_technical","1_basic"
"1246","3_technical","3_technical"
"1247","3_technical","4_logic"
"1248","2_writing","2_writing"
"1249","3_technical","3_technical"
"1250","4_logic","4_logic"
"1251","4_logic","4_logic"
"1252","3_technical","3_technical"
"1253","4_logic","2_writing"
"1254","3_technical","2_writing"
"1255","3_technical","3_technical"
"1256","3_technical","3_technical"
"1257","3_technical","3_technical"
"1258","3_technical","3_technical"
"1259","2_writing","2_writing"
"1260","3_technical","3_technical"
"1261","2_writing","2_writing"
"1262","4_logic","4_logic"
"1263","4_logic","4_logic"
"1264","3_technical","2_writing"
"1265","3_technical","3_technical"
"1266","2_writing","2_writing"
"1267","2_writing","2_writing"
"1268","3_technical","3_technical"
"1269","3_technical","3_technical"
"1270","4_logic","4_logic"
"1271","3_technical","3_technical"
"1272","3_technical","3_technical"
"1273","3_technical","3_technical"
"1274","3_technical","3_technical"
"1275","4_logic","2_writing"
"1276","3_technical","3_technical"
"1277","3_technical","3_technical"
"1278","3_technical","3_technical"
"1279","3_technical","3_technical"
"1280","3_technical","3_technical"
"1281","3_technical","3_technical"
"1282","3_technical","3_technical"
"1283","3_technical","3_technical"
"1284","3_technical","2_writing"
"1285","3_technical","3_technical"
"1286","4_logic","4_logic"
"1287","3_technical","3_technical"
"1288","3_technical","3_technical"
"1289","3_technical","3_technical"
"1290","3_technical","3_technical"
"1291","3_technical","2_writing"
"1292","3_technical","3_technical"
"1293","3_technical","4_logic"
"1294","3_technical","3_technical"
"1295","3_technical","3_technical"
"1296","3_technical","3_technical"
"1297","3_technical","3_technical"
"1298","2_writing","2_writing"
"1299","3_technical","3_technical"
"1300","3_technical","3_technical"
"1301","3_technical","3_technical"
"1302","3_technical","3_technical"
"1303","3_technical","3_technical"
"1304","2_writing","4_logic"
"1305","3_technical","3_technical"
"1306","3_technical","2_writing"
"1307","3_technical","3_technical"
"1308","2_writing","2_writing"
"1309","3_technical","3_technical"
"1310","3_technical","3_technical"
"1311","1_basic","1_basic"
"1312","3_technical","2_writing"
"1313","3_technical","3_technical"
"1314","3_technical","3_technical"
"1315","2_writing","2_writing"
"1316","3_technical","3_technical"
"1317","3_technical","3_technical"
"1318","3_technical","3_technical"
"1319","3_technical","3_technical"
"1320","2_writing","2_writing"
"1321","3_technical","3_technical"
"1322","2_writing","2_writing"
"1323","2_writing","2_writing"
"1324","3_technical","3_technical"
"1325","4_logic","2_writing"
"1326","2_writing","2_writing"
"1327","3_technical","3_technical"
"1328","3_technical","3_technical"
"1329","3_technical","3_technical"
"1330","3_technical","3_technical"
"1331","4_logic","2_writing"
"1332","2_writing","2_writing"
"1333","3_technical","3_technical"
"1334","3_technical","1_basic"
"1335","3_technical","2_writing"
"1336","3_technical","3_technical"
"1337","3_technical","3_technical"
"1338","2_writing","2_writing"
"1339","3_technical","2_writing"
"1340","3_technical","3_technical"
"1341","3_technical","3_technical"
"1342","3_technical","3_technical"
"1343","3_technical","1_basic"
"1344","3_technical","3_technical"
"1345","3_technical","2_writing"
"1346","2_writing","2_writing"
"1347","3_technical","3_technical"
"1348","4_logic","1_basic"
"1349","3_technical","3_technical"
"1350","2_writing","2_writing"
"1351","3_technical","3_technical"
"1352","2_writing","2_writing"
"1353","1_basic","2_writing"
"1354","1_basic","1_basic"
"1355","3_technical","3_technical"
"1356","3_technical","3_technical"
"1357","3_technical","3_technical"
"1358","3_technical","3_technical"
"1359","3_technical","3_technical"
"1360","3_technical","3_technical"
"1361","2_writing","2_writing"
"1362","2_writing","1_basic"
"1363","3_technical","1_basic"
"1364","3_technical","3_technical"
"1365","3_technical","3_technical"
"1366","3_technical","2_writing"
"1367","3_technical","3_technical"
"1368","4_logic","2_writing"
"1369","4_logic","2_writing"
"1370","3_technical","3_technical"
"1371","3_technical","3_technical"
"1372","3_technical","2_writing"
"1373","2_writing","2_writing"
"1374","3_technical","3_technical"
"1375","3_technical","2_writing"
"1376","2_writing","2_writing"
"1377","3_technical","3_technical"
"1378","3_technical","3_technical"
"1379","3_technical","3_technical"
"1380","3_technical","3_technical"
"1381","3_technical","3_technical"
"1382","4_logic","4_logic"
"1383","3_technical","3_technical"
"1384","3_technical","3_technical"
"1385","3_technical","3_technical"
"1386","2_writing","2_writing"
"1387","2_writing","2_writing"
"1388","3_technical","3_technical"
"1389","3_technical","2_writing"
"1390","3_technical","3_technical"
"1391","3_technical","3_technical"
"1392","3_technical","3_technical"
"1393","3_technical","3_technical"
"1394","2_writing","2_writing"
"1395","1_basic","1_basic"
"1396","3_technical","3_technical"
"1397","2_writing","2_writing"
"1398","1_basic","1_basic"
"1399","2_writing","4_logic"
"1400","2_writing","3_technical"
"1401","3_technical","3_technical"
"1402","2_writing","2_writing"
"1403","3_technical","3_technical"
"1404","3_technical","3_technical"
"1405","3_technical","3_technical"
"1406","3_technical","3_technical"
"1407","4_logic","4_logic"
"1408","3_technical","4_logic"
"1409","2_writing","4_logic"
"1410","2_writing","2_writing"
"1411","3_technical","3_technical"
"1412","2_writing","2_writing"
"1413","4_logic","4_logic"
"1414","3_technical","3_technical"
"1415","3_technical","2_writing"
"1416","3_technical","3_technical"
"1417","3_technical","4_logic"
"1418","3_technical","3_technical"
"1419","3_technical","2_writing"
"1420","3_technical","3_technical"
"1421","3_technical","3_technical"
"1422","2_writing","2_writing"
"1423","3_technical","3_technical"
"1424","3_technical","3_technical"
"1425","3_technical","3_technical"
"1426","3_technical","2_writing"
"1427","3_technical","3_technical"
"1428","3_technical","3_technical"
"1429","4_logic","4_logic"
"1430","2_writing","4_logic"
"1431","2_writing","2_writing"
"1432","3_technical","3_technical"
"1433","3_technical","3_technical"
"1434","4_logic","2_writing"
"1435","2_writing","3_technical"
"1436","4_logic","4_logic"
"1437","3_technical","3_technical"
"1438","3_technical","3_technical"
"1439","4_logic","4_logic"
"1440","3_technical","4_logic"
"1441","3_technical","3_technical"
"1442","3_technical","3_technical"
"1443","2_writing","2_writing"
"1444","2_writing","4_logic"
"1445","3_technical","1_basic"
"1446","3_technical","4_logic"
"1447","4_logic","2_writing"
"1448","4_logic","4_logic"
"1449","2_writing","2_writing"
"1450","3_technical","4_logic"
"1451","4_logic","4_logic"
"1452","2_writing","2_writing"
"1453","2_writing","2_writing"
"1454","4_logic","4_logic"
"1455","4_logic","4_logic"
"1456","3_technical","3_technical"
"1457","3_technical","3_technical"
"1458","2_writing","2_writing"
"1459","4_logic","4_logic"
"1460","3_technical","3_technical"
"1461","3_technical","3_technical"
"1462","3_technical","3_technical"
"1463","3_technical","2_writing"
"1464","2_writing","2_writing"
"1465","3_technical","3_technical"
"1466","3_technical","3_technical"
"1467","3_technical","3_technical"
"1468","3_technical","3_technical"
"1469","2_writing","2_writing"
"1470","3_technical","4_logic"
"1471","2_writing","2_writing"
"1472","2_writing","2_writing"
"1473","3_technical","3_technical"
"1474","3_technical","3_technical"
"1475","2_writing","2_writing"
"1476","2_writing","2_writing"
"1477","2_writing","2_writing"
"1478","2_writing","2_writing"
"1479","1_basic","1_basic"
"1480","2_writing","3_technical"
"1481","3_technical","3_technical"
"1482","4_logic","1_basic"
"1483","3_technical","3_technical"
"1484","3_technical","2_writing"
"1485","4_logic","3_technical"
"1486","2_writing","3_technical"
"1487","3_technical","3_technical"
"1488","3_technical","3_technical"
"1489","3_technical","3_technical"
"1490","3_technical","4_logic"
"1491","2_writing","2_writing"
"1492","3_technical","3_technical"
"1493","3_technical","3_technical"
"1494","3_technical","3_technical"
"1495","2_writing","2_writing"
"1496","3_technical","3_technical"
"1497","3_technical","3_technical"
"1498","2_writing","2_writing"
"1499","2_writing","2_writing"
"1500","2_writing","2_writing"
"1501","4_logic","4_logic"
"1502","3_technical","3_technical"
"1503","3_technical","3_technical"
"1504","3_technical","3_technical"
"1505","2_writing","2_writing"
"1506","2_writing","2_writing"
"1507","2_writing","2_writing"
"1508","2_writing","3_technical"
"1509","2_writing","2_writing"
"1510","3_technical","3_technical"
"1511","3_technical","3_technical"
"1512","3_technical","3_technical"
"1513","3_technical","3_technical"
"1514","2_writing","3_technical"
"1515","2_writing","2_writing"
"1516","2_writing","2_writing"
"1517","2_writing","2_writing"
"1518","2_writing","2_writing"
"1519","2_writing","2_writing"
"1520","2_writing","2_writing"
"1521","2_writing","2_writing"
"1522","3_technical","3_technical"
"1523","2_writing","2_writing"
"1524","3_technical","3_technical"
"1525","3_technical","3_technical"
"1526","3_technical","3_technical"
"1527","2_writing","2_writing"
"1528","3_technical","2_writing"
"1529","3_technical","2_writing"
"1530","2_writing","2_writing"
"1531","2_writing","2_writing"
"1532","2_writing","2_writing"
"1533","3_technical","3_technical"
"1534","2_writing","2_writing"
"1535","3_technical","3_technical"
"1536","3_technical","3_technical"
"1537","2_writing","2_writing"
"1538","2_writing","2_writing"
"1539","3_technical","3_technical"
"1540","2_writing","3_technical"
"1541","2_writing","3_technical"
"1542","3_technical","3_technical"
"1543","3_technical","3_technical"
"1544","3_technical","3_technical"
"1545","3_technical","3_technical"
"1546","4_logic","1_basic"
"1547","3_technical","3_technical"
"1548","2_writing","4_logic"
"1549","2_writing","2_writing"
"1550","2_writing","2_writing"
"1551","4_logic","2_writing"
"1552","2_writing","2_writing"
"1553","3_technical","2_writing"
"1554","3_technical","3_technical"
"1555","4_logic","3_technical"
"1556","4_logic","4_logic"
"1557","3_technical","2_writing"
"1558","3_technical","3_technical"
"1559","2_writing","2_writing"
"1560","4_logic","3_technical"
"1561","3_technical","3_technical"
"1562","3_technical","3_technical"
"1563","2_writing","3_technical"
"1564","3_technical","3_technical"
"1565","4_logic","2_writing"
"1566","4_logic","4_logic"
"1567","4_logic","4_logic"
"1568","4_logic","4_logic"
"1569","3_technical","3_technical"
"1570","3_technical","3_technical"
"1571","3_technical","3_technical"
"1572","3_technical","2_writing"
"1573","3_technical","3_technical"
"1574","2_writing","2_writing"
"1575","2_writing","2_writing"
"1576","3_technical","3_technical"
"1577","3_technical","3_technical"
"1578","3_technical","3_technical"
"1579","2_writing","2_writing"
"1580","3_technical","4_logic"
"1581","2_writing","2_writing"
"1582","3_technical","3_technical"
"1583","2_writing","2_writing"
"1584","3_technical","3_technical"
"1585","2_writing","2_writing"
"1586","3_technical","3_technical"
"1587","2_writing","2_writing"
"1588","4_logic","4_logic"
"1589","1_basic","2_writing"
"1590","3_technical","3_technical"
"1591","3_technical","3_technical"
"1592","4_logic","3_technical"
"1593","2_writing","2_writing"
"1594","3_technical","3_technical"
"1595","3_technical","3_technical"
"1596","3_technical","2_writing"
"1597","2_writing","2_writing"
"1598","3_technical","3_technical"
"1599","3_technical","3_technical"
"1600","3_technical","3_technical"
"1601","3_technical","3_technical"
"1602","3_technical","3_technical"
"1603","2_writing","2_writing"
"1604","3_technical","3_technical"
"1605","3_technical","3_technical"
"1606","3_technical","3_technical"
"1607","3_technical","3_technical"
"1608","2_writing","3_technical"
"1609","3_technical","2_writing"
"1610","3_technical","3_technical"
"1611","3_technical","2_writing"
"1612","2_writing","2_writing"
"1613","3_technical","3_technical"
"1614","2_writing","3_technical"
"1615","3_technical","3_technical"
"1616","3_technical","3_technical"
"1617","3_technical","3_technical"
"1618","4_logic","4_logic"
"1619","3_technical","4_logic"
"1620","3_technical","3_technical"
"1621","2_writing","2_writing"
"1622","3_technical","2_writing"
"1623","2_writing","4_logic"
"1624","3_technical","3_technical"
"1625","3_technical","3_technical"
"1626","3_technical","3_technical"
"1627","2_writing","2_writing"
"1628","2_writing","2_writing"
"1629","4_logic","4_logic"
"1630","3_technical","4_logic"
"1631","3_technical","3_technical"
"1632","4_logic","2_writing"
"1633","4_logic","2_writing"
"1634","4_logic","4_logic"
"1635","3_technical","3_technical"
"1636","2_writing","2_writing"
"1637","3_technical","3_technical"
"1638","2_writing","2_writing"
"1639","3_technical","3_technical"
"1640","4_logic","4_logic"
"1641","2_writing","2_writing"
"1642","2_writing","4_logic"
"1643","2_writing","2_writing"
"1644","3_technical","3_technical"
"1645","3_technical","3_technical"
"1646","2_writing","4_logic"
"1647","2_writing","2_writing"
"1648","2_writing","2_writing"
"1649","2_writing","2_writing"
"1650","3_technical","3_technical"
"1651","3_technical","3_technical"
"1652","3_technical","3_technical"
"1653","2_writing","3_technical"
"1654","4_logic","4_logic"
"1655","1_basic","4_logic"
"1656","2_writing","2_writing"
"1657","3_technical","3_technical"
"1658","1_basic","1_basic"
"1659","2_writing","1_basic"
"1660","2_writing","4_logic"
"1661","3_technical","3_technical"
"1662","3_technical","3_technical"
"1663","2_writing","4_logic"
"1664","2_writing","4_logic"
"1665","4_logic","2_writing"
"1666","2_writing","2_writing"
"1667","2_writing","2_writing"
"1668","3_technical","3_technical"
"1669","3_technical","3_technical"
"1670","3_technical","3_technical"
"1671","2_writing","2_writing"
"1672","2_writing","2_writing"
"1673","3_technical","3_technical"
"1674","3_technical","3_technical"
"1675","1_basic","1_basic"
"1676","2_writing","2_writing"
"1677","2_writing","2_writing"
"1678","2_writing","2_writing"
"1679","2_writing","2_writing"
"1680","3_technical","3_technical"
"1681","3_technical","3_technical"
"1682","4_logic","2_writing"
"1683","2_writing","2_writing"
"1684","3_technical","3_technical"
"1685","3_technical","3_technical"
"1686","3_technical","2_writing"
"1687","2_writing","3_technical"
"1688","3_technical","2_writing"
"1689","2_writing","2_writing"
"1690","3_technical","3_technical"
"1691","3_technical","2_writing"
"1692","3_technical","3_technical"
"1693","4_logic","2_writing"
"1694","3_technical","3_technical"
"1695","2_writing","4_logic"
"1696","3_technical","3_technical"
"1697","4_logic","2_writing"
"1698","3_technical","2_writing"
"1699","3_technical","2_writing"
"1700","4_logic","4_logic"
"1701","3_technical","3_technical"
"1702","4_logic","4_logic"
"1703","3_technical","3_technical"
"1704","2_writing","2_writing"
"1705","3_technical","3_technical"
"1706","3_technical","3_technical"
"1707","3_technical","3_technical"
"1708","2_writing","2_writing"
"1709","3_technical","3_technical"
"1710","3_technical","2_writing"
"1711","4_logic","4_logic"
"1712","3_technical","3_technical"
"1713","2_writing","2_writing"
"1714","3_technical","3_technical"
"1715","4_logic","4_logic"
"1716","2_writing","2_writing"
"1717","2_writing","2_writing"
"1718","3_technical","3_technical"
"1719","3_technical","3_technical"
"1720","2_writing","4_logic"
"1721","2_writing","2_writing"
"1722","2_writing","4_logic"
"1723","3_technical","3_technical"
"1724","3_technical","3_technical"
"1725","3_technical","3_technical"
"1726","2_writing","3_technical"
"1727","3_technical","3_technical"
"1728","3_technical","3_technical"
"1729","2_writing","2_writing"
"1730","2_writing","2_writing"
"1731","2_writing","2_writing"
"1732","2_writing","2_writing"
"1733","2_writing","4_logic"
"1734","2_writing","3_technical"
"1735","3_technical","3_technical"
"1736","3_technical","3_technical"
"1737","4_logic","2_writing"
"1738","2_writing","4_logic"
"1739","3_technical","3_technical"
"1740","4_logic","4_logic"
"1741","4_logic","4_logic"
"1742","3_technical","3_technical"
"1743","3_technical","2_writing"
"1744","3_technical","3_technical"
"1745","3_technical","3_technical"
"1746","2_writing","3_technical"
"1747","2_writing","3_technical"
"1748","3_technical","3_technical"
"1749","3_technical","3_technical"
"1750","3_technical","3_technical"
"1751","3_technical","3_technical"
"1752","2_writing","3_technical"
"1753","3_technical","3_technical"
"1754","2_writing","2_writing"
"1755","2_writing","2_writing"
"1756","2_writing","2_writing"
"1757","2_writing","2_writing"
"1758","3_technical","3_technical"
"1759","2_writing","3_technical"
"1760","2_writing","2_writing"
"1761","2_writing","2_writing"
"1762","3_technical","2_writing"
"1763","3_technical","2_writing"
"1764","3_technical","3_technical"
"1765","3_technical","3_technical"
"1766","3_technical","3_technical"
"1767","2_writing","2_writing"
"1768","3_technical","3_technical"
"1769","2_writing","3_technical"
"1770","3_technical","2_writing"
"1771","2_writing","2_writing"
"1772","2_writing","3_technical"
"1773","2_writing","2_writing"
"1774","3_technical","3_technical"
"1775","3_technical","4_logic"
"1776","3_technical","3_technical"
"1777","3_technical","3_technical"
"1778","3_technical","3_technical"
"1779","2_writing","4_logic"
"1780","4_logic","4_logic"
"1781","4_logic","4_logic"
"1782","3_technical","4_logic"
"1783","2_writing","2_writing"
"1784","2_writing","2_writing"
"1785","3_technical","2_writing"
"1786","3_technical","3_technical"
"1787","3_technical","3_technical"
"1788","3_technical","3_technical"
"1789","3_technical","3_technical"
"1790","2_writing","2_writing"
"1791","3_technical","3_technical"
"1792","3_technical","3_technical"
"1793","2_writing","2_writing"
"1794","3_technical","3_technical"
"1795","2_writing","2_writing"
"1796","3_technical","3_technical"
"1797","3_technical","3_technical"
"1798","3_technical","3_technical"
"1799","3_technical","3_technical"
"1800","3_technical","3_technical"
"1801","2_writing","2_writing"
"1802","3_technical","3_technical"
"1803","3_technical","1_basic"
"1804","3_technical","3_technical"
"1805","3_technical","3_technical"
"1806","4_logic","4_logic"
"1807","2_writing","4_logic"
"1808","2_writing","2_writing"
"1809","2_writing","2_writing"
"1810","2_writing","2_writing"
"1811","2_writing","2_writing"
"1812","3_technical","3_technical"
"1813","2_writing","2_writing"
"1814","2_writing","2_writing"
"1815","2_writing","2_writing"
"1816","3_technical","3_technical"
"1817","3_technical","3_technical"
"1818","3_technical","3_technical"
"1819","3_technical","3_technical"
"1820","3_technical","3_technical"
"1821","3_technical","3_technical"
"1822","2_writing","2_writing"
"1823","3_technical","3_technical"
"1824","3_technical","3_technical"
"1825","4_logic","4_logic"
"1826","3_technical","3_technical"
"1827","3_technical","3_technical"
"1828","3_technical","3_technical"
"1829","3_technical","3_technical"
"1830","4_logic","4_logic"
"1831","3_technical","2_writing"
"1832","2_writing","3_technical"
"1833","4_logic","4_logic"
"1834","2_writing","2_writing"
"1835","2_writing","4_logic"
"1836","2_writing","3_technical"
"1837","3_technical","3_technical"
"1838","3_technical","3_technical"
"1839","3_technical","2_writing"
"1840","3_technical","3_technical"
"1841","3_technical","3_technical"
"1842","4_logic","4_logic"
"1843","4_logic","4_logic"
"1844","2_writing","2_writing"
"1845","2_writing","2_writing"
"1846","2_writing","3_technical"
"1847","2_writing","2_writing"
"1848","3_technical","3_technical"
"1849","2_writing","3_technical"
"1850","2_writing","2_writing"
"1851","3_technical","3_technical"
"1852","3_technical","2_writing"
"1853","3_technical","3_technical"
"1854","2_writing","2_writing"
"1855","2_writing","3_technical"
"1856","3_technical","3_technical"
"1857","3_technical","3_technical"
"1858","4_logic","4_logic"
"1859","3_technical","3_technical"
"1860","3_technical","3_technical"
"1861","2_writing","2_writing"
"1862","3_technical","3_technical"
"1863","3_technical","3_technical"
"1864","3_technical","3_technical"
"1865","2_writing","2_writing"
"1866","3_technical","3_technical"
"1867","3_technical","3_technical"
"1868","2_writing","3_technical"
"1869","2_writing","2_writing"
"1870","2_writing","2_writing"
"1871","3_technical","3_technical"
"1872","3_technical","3_technical"
"1873","3_technical","3_technical"
"1874","2_writing","2_writing"
"1875","4_logic","4_logic"
"1876","3_technical","2_writing"
"1877","3_technical","3_technical"
"1878","2_writing","2_writing"
"1879","3_technical","3_technical"
"1880","2_writing","2_writing"
"1881","3_technical","3_technical"
"1882","2_writing","2_writing"
"1883","3_technical","3_technical"
"1884","2_writing","2_writing"
"1885","4_logic","4_logic"
"1886","2_writing","2_writing"
"1887","3_technical","3_technical"
"1888","2_writing","2_writing"
"1889","3_technical","3_technical"
"1890","3_technical","3_technical"
"1891","3_technical","3_technical"
"1892","4_logic","4_logic"
"1893","3_technical","3_technical"
"1894","2_writing","2_writing"
"1895","2_writing","2_writing"
"1896","2_writing","2_writing"
"1897","2_writing","2_writing"
"1898","2_writing","2_writing"
"1899","2_writing","2_writing"
"1900","2_writing","2_writing"
"1901","2_writing","3_technical"
"1902","2_writing","2_writing"
"1903","2_writing","2_writing"
"1904","4_logic","2_writing"
"1905","3_technical","3_technical"
"1906","3_technical","3_technical"
"1907","3_technical","3_technical"
"1908","2_writing","2_writing"
"1909","3_technical","2_writing"
"1910","3_technical","3_technical"
"1911","2_writing","2_writing"
"1912","2_writing","2_writing"
"1913","3_technical","3_technical"
"1914","3_technical","3_technical"
"1915","3_technical","3_technical"
"1916","3_technical","3_technical"
"1917","4_logic","2_writing"
"1918","3_technical","3_technical"
"1919","3_technical","3_technical"
"1920","3_technical","3_technical"
"1921","3_technical","3_technical"
"1922","3_technical","3_technical"
"1923","3_technical","3_technical"
"1924","3_technical","3_technical"
"1925","4_logic","4_logic"
"1926","3_technical","3_technical"
"1927","2_writing","3_technical"
"1928","2_writing","2_writing"
"1929","2_writing","2_writing"
"1930","2_writing","2_writing"
"1931","4_logic","2_writing"
"1932","4_logic","4_logic"
"1933","4_logic","4_logic"
"1934","4_logic","4_logic"
"1935","3_technical","3_technical"
"1936","4_logic","4_logic"
"1937","3_technical","2_writing"
"1938","3_technical","3_technical"
"1939","3_technical","3_technical"
"1940","3_technical","3_technical"
"1941","3_technical","3_technical"
"1942","2_writing","4_logic"
"1943","3_technical","3_technical"
"1944","3_technical","3_technical"
"1945","3_technical","3_technical"
"1946","3_technical","3_technical"
"1947","4_logic","2_writing"
"1948","3_technical","3_technical"
"1949","4_logic","3_technical"
"1950","4_logic","2_writing"
"1951","2_writing","2_writing"
"1952","2_writing","2_writing"
"1953","2_writing","2_writing"
"1954","2_writing","4_logic"
"1955","3_technical","3_technical"
"1956","2_writing","4_logic"
"1957","4_logic","4_logic"
"1958","4_logic","4_logic"
"1959","1_basic","1_basic"
"1960","2_writing","2_writing"
"1961","4_logic","4_logic"
"1962","2_writing","2_writing"
"1963","3_technical","3_technical"
"1964","3_technical","3_technical"
"1965","4_logic","4_logic"
"1966","3_technical","3_technical"
"1967","3_technical","3_technical"
"1968","3_technical","3_technical"
"1969","3_technical","3_technical"
"1970","2_writing","2_writing"
"1971","4_logic","4_logic"
"1972","4_logic","3_technical"
"1973","4_logic","4_logic"
"1974","4_logic","4_logic"
"1975","2_writing","2_writing"
"1976","3_technical","3_technical"
"1977","3_technical","3_technical"
"1978","2_writing","2_writing"
"1979","3_technical","3_technical"
"1980","3_technical","3_technical"
"1981","3_technical","3_technical"
"1982","3_technical","3_technical"
"1983","3_technical","3_technical"
"1984","2_writing","4_logic"
"1985","4_logic","4_logic"
"1986","3_technical","3_technical"
"1987","3_technical","3_technical"
"1988","3_technical","3_technical"
"1989","3_technical","4_logic"
"1990","3_technical","3_technical"
"1991","3_technical","3_technical"
"1992","3_technical","3_technical"
"1993","4_logic","4_logic"
"1994","4_logic","4_logic"
"1995","3_technical","2_writing"
"1996","2_writing","4_logic"
"1997","4_logic","3_technical"
"1998","4_logic","4_logic"
"1999","3_technical","3_technical"
"2000","3_technical","3_technical"
"2001","2_writing","2_writing"
"2002","3_technical","3_technical"
"2003","3_technical","3_technical"
"2004","3_technical","2_writing"
"2005","4_logic","3_technical"
"2006","2_writing","2_writing"
"2007","3_technical","3_technical"
"2008","3_technical","3_technical"
"2009","3_technical","3_technical"
"2010","3_technical","2_writing"
"2011","4_logic","2_writing"
"2012","2_writing","4_logic"
"2013","3_technical","1_basic"
"2014","3_technical","3_technical"
"2015","2_writing","4_logic"
"2016","2_writing","2_writing"
"2017","4_logic","3_technical"
"2018","4_logic","4_logic"
"2019","3_technical","2_writing"
"2020","2_writing","2_writing"
"2021","3_technical","3_technical"
"2022","2_writing","2_writing"
"2023","2_writing","2_writing"
"2024","2_writing","2_writing"
"2025","3_technical","3_technical"
"2026","3_technical","3_technical"
"2027","4_logic","4_logic"
"2028","4_logic","4_logic"
"2029","3_technical","4_logic"
"2030","3_technical","3_technical"
"2031","4_logic","3_technical"
"2032","3_technical","3_technical"
"2033","2_writing","2_writing"
"2034","3_technical","3_technical"
"2035","3_technical","3_technical"
"2036","2_writing","2_writing"
"2037","2_writing","2_writing"
"2038","2_writing","2_writing"
"2039","3_technical","3_technical"
"2040","2_writing","4_logic"
"2041","1_basic","1_basic"
"2042","2_writing","4_logic"
"2043","4_logic","2_writing"
"2044","2_writing","2_writing"
"2045","3_technical","3_technical"
"2046","3_technical","2_writing"
"2047","3_technical","3_technical"
"2048","3_technical","3_technical"
"2049","3_technical","2_writing"
"2050","2_writing","2_writing"
"2051","4_logic","4_logic"
"2052","2_writing","3_technical"
"2053","2_writing","2_writing"
"2054","3_technical","3_technical"
"2055","4_logic","4_logic"
"2056","3_technical","3_technical"
"2057","4_logic","4_logic"
"2058","3_technical","3_technical"
"2059","3_technical","3_technical"
"2060","4_logic","4_logic"
"2061","3_technical","3_technical"
"2062","3_technical","3_technical"
"2063","4_logic","4_logic"
"2064","4_logic","4_logic"
"2065","2_writing","2_writing"
"2066","3_technical","3_technical"
"2067","3_technical","3_technical"
"2068","3_technical","3_technical"
"2069","3_technical","3_technical"
"2070","2_writing","2_writing"
"2071","2_writing","3_technical"
"2072","3_technical","3_technical"
"2073","2_writing","2_writing"
"2074","4_logic","2_writing"
"2075","3_technical","3_technical"
"2076","3_technical","3_technical"
"2077","3_technical","3_technical"
"2078","3_technical","3_technical"
"2079","2_writing","2_writing"
"2080","3_technical","2_writing"
"2081","3_technical","2_writing"
"2082","2_writing","2_writing"
"2083","3_technical","3_technical"
"2084","3_technical","3_technical"
"2085","3_technical","3_technical"
"2086","2_writing","2_writing"
"2087","3_technical","4_logic"
"2088","3_technical","3_technical"
"2089","4_logic","2_writing"
"2090","3_technical","3_technical"
"2091","3_technical","3_technical"
"2092","4_logic","4_logic"
"2093","3_technical","3_technical"
"2094","3_technical","3_technical"
"2095","4_logic","2_writing"
"2096","4_logic","4_logic"
"2097","2_writing","2_writing"
"2098","1_basic","1_basic"
"2099","3_technical","3_technical"
"2100","2_writing","2_writing"
"2101","2_writing","2_writing"
"2102","3_technical","4_logic"
"2103","2_writing","2_writing"
"2104","2_writing","2_writing"
"2105","2_writing","2_writing"
"2106","2_writing","2_writing"
"2107","2_writing","2_writing"
"2108","3_technical","3_technical"
"2109","3_technical","3_technical"
"2110","3_technical","3_technical"
"2111","3_technical","3_technical"
"2112","3_technical","3_technical"
"2113","3_technical","3_technical"
"2114","3_technical","3_technical"
"2115","2_writing","3_technical"
"2116","2_writing","2_writing"
"2117","3_technical","3_technical"
"2118","2_writing","2_writing"
"2119","3_technical","3_technical"
"2120","3_technical","3_technical"
"2121","3_technical","3_technical"
"2122","4_logic","2_writing"
"2123","3_technical","3_technical"
"2124","2_writing","2_writing"
"2125","3_technical","3_technical"
"2126","2_writing","2_writing"
"2127","2_writing","2_writing"
"2128","3_technical","3_technical"
"2129","3_technical","3_technical"
"2130","2_writing","2_writing"
"2131","3_technical","3_technical"
"2132","2_writing","2_writing"
"2133","2_writing","2_writing"
"2134","2_writing","2_writing"
"2135","3_technical","3_technical"
"2136","3_technical","3_technical"
"2137","2_writing","2_writing"
"2138","4_logic","4_logic"
"2139","3_technical","3_technical"
"2140","2_writing","2_writing"
"2141","2_writing","2_writing"
"2142","2_writing","1_basic"
"2143","3_technical","3_technical"
"2144","3_technical","3_technical"
"2145","3_technical","3_technical"
"2146","3_technical","3_technical"
"2147","2_writing","2_writing"
"2148","3_technical","3_technical"
"2149","3_technical","3_technical"
"2150","3_technical","4_logic"
"2151","4_logic","4_logic"
"2152","3_technical","3_technical"
"2153","3_technical","3_technical"
"2154","3_technical","3_technical"
"2155","4_logic","4_logic"
"2156","4_logic","2_writing"
"2157","3_technical","3_technical"
"2158","2_writing","2_writing"
"2159","2_writing","2_writing"
"2160","4_logic","4_logic"
"2161","3_technical","3_technical"
"2162","3_technical","2_writing"
"2163","3_technical","3_technical"
"2164","3_technical","3_technical"
"2165","3_technical","3_technical"
"2166","2_writing","2_writing"
"2167","3_technical","3_technical"
"2168","3_technical","3_technical"
"2169","3_technical","3_technical"
"2170","3_technical","3_technical"
"2171","3_technical","3_technical"
"2172","2_writing","4_logic"
"2173","4_logic","4_logic"
"2174","2_writing","2_writing"
"2175","3_technical","1_basic"
"2176","3_technical","3_technical"
"2177","2_writing","2_writing"
"2178","3_technical","3_technical"
"2179","3_technical","3_technical"
"2180","3_technical","2_writing"
"2181","3_technical","3_technical"
"2182","4_logic","4_logic"
"2183","4_logic","2_writing"
"2184","4_logic","2_writing"
"2185","4_logic","4_logic"
"2186","3_technical","3_technical"
"2187","3_technical","3_technical"
"2188","2_writing","2_writing"
"2189","3_technical","3_technical"
"2190","3_technical","3_technical"
"2191","2_writing","2_writing"
"2192","2_writing","2_writing"
"2193","2_writing","2_writing"
"2194","3_technical","3_technical"
"2195","2_writing","3_technical"
"2196","3_technical","2_writing"
"2197","1_basic","1_basic"
"2198","4_logic","3_technical"
"2199","4_logic","3_technical"
"2200","3_technical","3_technical"
"2201","3_technical","3_technical"
"2202","3_technical","4_logic"
"2203","3_technical","4_logic"
"2204","3_technical","3_technical"
"2205","2_writing","4_logic"
"2206","4_logic","4_logic"
"2207","2_writing","2_writing"
"2208","3_technical","2_writing"
"2209","3_technical","3_technical"
"2210","3_technical","3_technical"
"2211","3_technical","3_technical"
"2212","3_technical","3_technical"
"2213","3_technical","3_technical"
"2214","1_basic","3_technical"
"2215","4_logic","4_logic"
"2216","4_logic","4_logic"
"2217","2_writing","2_writing"
"2218","1_basic","1_basic"
"2219","2_writing","2_writing"
"2220","3_technical","3_technical"
"2221","4_logic","4_logic"
"2222","2_writing","4_logic"
"2223","3_technical","3_technical"
"2224","4_logic","4_logic"
"2225","3_technical","3_technical"
"2226","4_logic","1_basic"
"2227","2_writing","1_basic"
"2228","3_technical","3_technical"
"2229","2_writing","4_logic"
"2230","3_technical","3_technical"
"2231","3_technical","3_technical"
"2232","3_technical","3_technical"
"2233","3_technical","3_technical"
"2234","2_writing","2_writing"
"2235","3_technical","3_technical"
"2236","2_writing","2_writing"
"2237","3_technical","3_technical"
"2238","2_writing","3_technical"
"2239","3_technical","3_technical"
"2240","3_technical","3_technical"
"2241","3_technical","3_technical"
"2242","1_basic","1_basic"
"2243","3_technical","3_technical"
"2244","3_technical","2_writing"
"2245","2_writing","2_writing"
"2246","3_technical","3_technical"
"2247","3_technical","3_technical"
"2248","4_logic","4_logic"
"2249","3_technical","3_technical"
"2250","4_logic","2_writing"
"2251","3_technical","3_technical"
"2252","3_technical","3_technical"
"2253","3_technical","3_technical"
"2254","3_technical","3_technical"
"2255","3_technical","3_technical"
"2256","4_logic","2_writing"
"2257","3_technical","3_technical"
"2258","3_technical","3_technical"
"2259","2_writing","2_writing"
"2260","2_writing","2_writing"
"2261","4_logic","4_logic"
"2262","2_writing","2_writing"
"2263","2_writing","2_writing"
"2264","3_technical","3_technical"
"2265","3_technical","3_technical"
"2266","3_technical","3_technical"
"2267","3_technical","3_technical"
"2268","2_writing","2_writing"
"2269","2_writing","2_writing"
"2270","2_writing","2_writing"
"2271","3_technical","3_technical"
"2272","4_logic","4_logic"
"2273","3_technical","3_technical"
"2274","4_logic","4_logic"
"2275","4_logic","4_logic"
"2276","2_writing","2_writing"
"2277","3_technical","3_technical"
"2278","4_logic","4_logic"
"2279","3_technical","3_technical"
"2280","3_technical","3_technical"
"2281","2_writing","2_writing"
"2282","3_technical","3_technical"
"2283","2_writing","2_writing"
"2284","3_technical","3_technical"
"2285","2_writing","2_writing"
"2286","3_technical","4_logic"
"2287","3_technical","3_technical"
"2288","3_technical","3_technical"
"2289","3_technical","3_technical"
"2290","3_technical","4_logic"
"2291","3_technical","3_technical"
"2292","2_writing","2_writing"
"2293","3_technical","4_logic"
"2294","3_technical","3_technical"
"2295","3_technical","3_technical"
"2296","3_technical","3_technical"
"2297","4_logic","4_logic"
"2298","2_writing","2_writing"
"2299","2_writing","4_logic"
"2300","3_technical","3_technical"
"2301","3_technical","3_technical"
"2302","3_technical","3_technical"
"2303","3_technical","4_logic"
"2304","4_logic","2_writing"
"2305","3_technical","3_technical"
"2306","3_technical","3_technical"
"2307","2_writing","2_writing"
"2308","2_writing","2_writing"
"2309","3_technical","3_technical"
"2310","4_logic","4_logic"
"2311","4_logic","2_writing"
"2312","2_writing","2_writing"
"2313","2_writing","2_writing"
"2314","2_writing","2_writing"
"2315","3_technical","3_technical"
"2316","3_technical","4_logic"
"2317","3_technical","3_technical"
"2318","2_writing","2_writing"
"2319","3_technical","3_technical"
"2320","3_technical","3_technical"
"2321","3_technical","3_technical"
"2322","2_writing","2_writing"
"2323","3_technical","3_technical"
"2324","2_writing","3_technical"
"2325","3_technical","3_technical"
"2326","3_technical","3_technical"
"2327","3_technical","3_technical"
"2328","2_writing","3_technical"
"2329","2_writing","2_writing"
"2330","3_technical","3_technical"
"2331","3_technical","3_technical"
"2332","2_writing","3_technical"
"2333","3_technical","4_logic"
"2334","4_logic","4_logic"
"2335","3_technical","3_technical"
